{"cam1/160x90": 1412.354248046875, "cam1/160x100": 1374.33935546875, "cam1/160x120": 1231.32470703125, "cam1/240x180": 1271.437255859375, "cam1/320x180": 1432.58642578125, "cam1/320x200": 1434.8603515625, "cam1/320x240": 1277.798828125, "cam1/480x270": 1428.4921875, "cam1/480x300": 1427.364501953125, "cam1/480x360": 1301.584716796875, "cam1/640x360": 1453.409912109375, "cam1/640x400": 1461.272705078125, "cam1/640x480": 1327.53857421875, "cam1/800x450": 1492.27490234375, "cam1/800x500": 1465.39990234375, "cam1/800x600": 1344.177978515625, "cam1/1024x576": 1492.841552734375, "cam1/1024x640": 1489.47802734375, "cam1/1024x768": 1382.0673828125, "cam1/1280x720": 1531.32177734375, "cam1/1280x800": 1516.74169921875, "cam1/1280x960": 1449.177734375, "cam1/1440x900": 1555.744873046875, "cam1/1440x1080": 1463.28515625, "cam1/1920x1080": 1703.37109375, "cam2/160x90": 1364.9697265625, "cam2/160x100": 1371.030517578125, "cam2/160x120": 1266.84033203125, "cam2/240x180": 1269.734619140625, "cam2/320x180": 1412.910888671875, "cam2/320x200": 1412.0205078125, "cam2/320x240": 1268.5185546875, "cam2/480x270": 1436.887939453125, "cam2/480x300": 1431.325439453125, "cam2/480x360": 1290.428955078125, "cam2/640x360": 1475.97509765625, "cam2/640x400": 1466.716552734375, "cam2/640x480": 1344.782470703125, "cam2/800x450": 1497.95654296875, "cam2/800x500": 1502.82763671875, "cam2/800x600": 1367.7080078125, "cam2/1024x576": 1559.04443359375, "cam2/1024x640": 1573.1201171875, "cam2/1024x768": 1434.712890625, "cam2/1280x720": 1574.56884765625, "cam2/1280x800": 1610.370361328125, "cam2/1280x960": 1516.724609375, "cam2/1440x900": 1680.081298828125, "cam2/1440x1080": 1619.905517578125, "cam2/1920x1080": 1807.75390625, "cam3/160x90": 1339.351806640625, "cam3/160x120": 1214.74609375, "cam3/176x144": 1098.921630859375, "cam3/240x180": 1238.054931640625, "cam3/320x180": 1389.246826171875, "cam3/320x240": 1252.984130859375, "cam3/480x270": 1418.421142578125, "cam3/480x360": 1275.17041015625, "cam3/640x360": 1424.631591796875, "cam3/640x480": 1284.16357421875, "cam3/800x450": 1440.79541015625, "cam3/800x600": 1274.731201171875, "cam3/1024x640": 1463.820068359375, "cam3/1024x768": 1337.77490234375, "cam3/1280x720": 1479.964599609375, "cam3/1280x800": 1483.86474609375, "cam3/1280x960": 1349.015380859375, "cam4/streamid_1/quality_1": 1373.449951171875, "cam4/streamid_1/quality_2": 1411.455078125, "cam4/streamid_1/quality_3": 1423.412353515625, "cam4/streamid_1/quality_4": 1417.745361328125, "cam4/streamid_1/quality_5": 1421.31396484375, "cam4/streamid_0/quality_1": 1546.349365234375, "cam4/streamid_0/quality_2": 1574.603759765625, "cam4/streamid_0/quality_3": 1586.550537109375, "cam4/streamid_0/quality_4": 1597.383056640625, "cam4/streamid_0/quality_5": 1592.163818359375}