{"cam1/160x90": 1396.614013671875, "cam1/160x100": 1371.4775390625, "cam1/160x120": 1237.8857421875, "cam1/240x180": 1273.5771484375, "cam1/320x180": 1431.260986328125, "cam1/320x200": 1435.317138671875, "cam1/320x240": 1287.57470703125, "cam1/480x270": 1442.586669921875, "cam1/480x300": 1448.29150390625, "cam1/480x360": 1314.97119140625, "cam1/640x360": 1463.77978515625, "cam1/640x400": 1466.070068359375, "cam1/640x480": 1320.028564453125, "cam1/800x450": 1475.248779296875, "cam1/800x500": 1467.98876953125, "cam1/800x600": 1347.532470703125, "cam1/1024x576": 1516.65576171875, "cam1/1024x640": 1514.949951171875, "cam1/1024x768": 1398.70263671875, "cam1/1280x720": 1559.27587890625, "cam1/1280x800": 1548.249755859375, "cam1/1280x960": 1438.837158203125, "cam1/1440x900": 1576.2177734375, "cam1/1440x1080": 1478.040283203125, "cam1/1920x1080": 1714.08837890625, "cam2/160x90": 1386.387939453125, "cam2/160x100": 1378.77197265625, "cam2/160x120": 1246.553955078125, "cam2/240x180": 1247.306884765625, "cam2/320x180": 1409.245361328125, "cam2/320x200": 1406.22900390625, "cam2/320x240": 1268.497802734375, "cam2/480x270": 1438.1943359375, "cam2/480x300": 1436.125, "cam2/480x360": 1290.991455078125, "cam2/640x360": 1461.614990234375, "cam2/640x400": 1482.705078125, "cam2/640x480": 1342.4560546875, "cam2/800x450": 1484.771728515625, "cam2/800x500": 1499.792724609375, "cam2/800x600": 1360.2021484375, "cam2/1024x576": 1543.55126953125, "cam2/1024x640": 1571.083740234375, "cam2/1024x768": 1437.226318359375, "cam2/1280x720": 1553.72265625, "cam2/1280x800": 1638.367919921875, "cam2/1280x960": 1530.45166015625, "cam2/1440x900": 1693.110107421875, "cam2/1440x1080": 1647.0068359375, "cam2/1920x1080": 1823.61328125, "cam3/160x90": 1358.529052734375, "cam3/160x120": 1218.537109375, "cam3/176x144": 1101.785400390625, "cam3/240x180": 1231.76806640625, "cam3/320x180": 1392.447265625, "cam3/320x240": 1239.532470703125, "cam3/480x270": 1409.60205078125, "cam3/480x360": 1266.738525390625, "cam3/640x360": 1425.140380859375, "cam3/640x480": 1285.955078125, "cam3/800x450": 1440.269775390625, "cam3/800x600": 1277.06396484375, "cam3/1024x640": 1455.858154296875, "cam3/1024x768": 1340.82763671875, "cam3/1280x720": 1507.654296875, "cam3/1280x800": 1488.91943359375, "cam3/1280x960": 1347.4306640625, "cam4/streamid_1/quality_1": 1380.015625, "cam4/streamid_1/quality_2": 1431.18115234375, "cam4/streamid_1/quality_3": 1421.4970703125, "cam4/streamid_1/quality_4": 1414.7294921875, "cam4/streamid_1/quality_5": 1410.721435546875, "cam4/streamid_0/quality_1": 1560.48828125, "cam4/streamid_0/quality_2": 1566.259521484375, "cam4/streamid_0/quality_3": 1587.478759765625, "cam4/streamid_0/quality_4": 1602.5146484375, "cam4/streamid_0/quality_5": 1587.187255859375}