{"cam1/160x90": 1403.095458984375, "cam1/160x100": 1366.41650390625, "cam1/160x120": 1241.94140625, "cam1/240x180": 1265.74267578125, "cam1/320x180": 1412.685546875, "cam1/320x200": 1428.97216796875, "cam1/320x240": 1272.76953125, "cam1/480x270": 1442.00390625, "cam1/480x300": 1437.695556640625, "cam1/480x360": 1297.821533203125, "cam1/640x360": 1444.987060546875, "cam1/640x400": 1458.927490234375, "cam1/640x480": 1326.764404296875, "cam1/800x450": 1481.90185546875, "cam1/800x500": 1482.67138671875, "cam1/800x600": 1345.91259765625, "cam1/1024x576": 1503.316162109375, "cam1/1024x640": 1512.725830078125, "cam1/1024x768": 1393.470703125, "cam1/1280x720": 1540.812255859375, "cam1/1280x800": 1531.264892578125, "cam1/1280x960": 1446.036865234375, "cam1/1440x900": 1561.139892578125, "cam1/1440x1080": 1470.767578125, "cam1/1920x1080": 1725.786376953125, "cam2/160x90": 1387.569091796875, "cam2/160x100": 1367.966796875, "cam2/160x120": 1256.44677734375, "cam2/240x180": 1264.915771484375, "cam2/320x180": 1430.03125, "cam2/320x200": 1402.730224609375, "cam2/320x240": 1270.4423828125, "cam2/480x270": 1446.249267578125, "cam2/480x300": 1421.901611328125, "cam2/480x360": 1302.04296875, "cam2/640x360": 1473.100830078125, "cam2/640x400": 1465.3134765625, "cam2/640x480": 1347.240966796875, "cam2/800x450": 1506.515625, "cam2/800x500": 1510.038818359375, "cam2/800x600": 1377.425537109375, "cam2/1024x576": 1544.663818359375, "cam2/1024x640": 1582.814208984375, "cam2/1024x768": 1439.6865234375, "cam2/1280x720": 1564.09423828125, "cam2/1280x800": 1615.46484375, "cam2/1280x960": 1496.30517578125, "cam2/1440x900": 1670.026611328125, "cam2/1440x1080": 1612.0048828125, "cam2/1920x1080": 1792.497314453125, "cam3/160x90": 1339.924560546875, "cam3/160x120": 1217.959228515625, "cam3/176x144": 1097.109375, "cam3/240x180": 1247.931396484375, "cam3/320x180": 1389.81298828125, "cam3/320x240": 1252.711669921875, "cam3/480x270": 1410.964111328125, "cam3/480x360": 1262.74609375, "cam3/640x360": 1423.197021484375, "cam3/640x480": 1289.238037109375, "cam3/800x450": 1450.263427734375, "cam3/800x600": 1266.874755859375, "cam3/1024x640": 1465.83544921875, "cam3/1024x768": 1345.40185546875, "cam3/1280x720": 1508.8359375, "cam3/1280x800": 1497.900390625, "cam3/1280x960": 1348.724853515625, "cam4/streamid_1/quality_1": 1387.64013671875, "cam4/streamid_1/quality_2": 1422.603515625, "cam4/streamid_1/quality_3": 1410.07958984375, "cam4/streamid_1/quality_4": 1427.1357421875, "cam4/streamid_1/quality_5": 1422.700439453125, "cam4/streamid_0/quality_1": 1557.491943359375, "cam4/streamid_0/quality_2": 1569.957763671875, "cam4/streamid_0/quality_3": 1576.8525390625, "cam4/streamid_0/quality_4": 1583.60400390625, "cam4/streamid_0/quality_5": 1586.621337890625}