{"cam1/160x90": 1389.365234375, "cam1/160x100": 1375.567138671875, "cam1/160x120": 1242.44140625, "cam1/240x180": 1252.28564453125, "cam1/320x180": 1428.990966796875, "cam1/320x200": 1429.95068359375, "cam1/320x240": 1280.240234375, "cam1/480x270": 1431.428955078125, "cam1/480x300": 1422.114990234375, "cam1/480x360": 1307.585693359375, "cam1/640x360": 1451.605224609375, "cam1/640x400": 1478.733154296875, "cam1/640x480": 1336.212890625, "cam1/800x450": 1490.704345703125, "cam1/800x500": 1470.797607421875, "cam1/800x600": 1353.284423828125, "cam1/1024x576": 1500.1494140625, "cam1/1024x640": 1489.900146484375, "cam1/1024x768": 1385.066650390625, "cam1/1280x720": 1537.365478515625, "cam1/1280x800": 1533.54833984375, "cam1/1280x960": 1429.478271484375, "cam1/1440x900": 1572.4296875, "cam1/1440x1080": 1467.004150390625, "cam1/1920x1080": 1709.90966796875, "cam2/160x90": 1374.99462890625, "cam2/160x100": 1375.6845703125, "cam2/160x120": 1263.35498046875, "cam2/240x180": 1272.988037109375, "cam2/320x180": 1424.6103515625, "cam2/320x200": 1411.157470703125, "cam2/320x240": 1278.343017578125, "cam2/480x270": 1432.48046875, "cam2/480x300": 1428.10595703125, "cam2/480x360": 1305.4150390625, "cam2/640x360": 1474.90625, "cam2/640x400": 1463.8427734375, "cam2/640x480": 1328.244384765625, "cam2/800x450": 1509.366455078125, "cam2/800x500": 1503.4189453125, "cam2/800x600": 1381.537109375, "cam2/1024x576": 1554.72265625, "cam2/1024x640": 1583.16259765625, "cam2/1024x768": 1444.218017578125, "cam2/1280x720": 1577.148681640625, "cam2/1280x800": 1618.3095703125, "cam2/1280x960": 1517.94580078125, "cam2/1440x900": 1662.498291015625, "cam2/1440x1080": 1617.55517578125, "cam2/1920x1080": 1805.7705078125, "cam3/160x90": 1351.154541015625, "cam3/160x120": 1215.349853515625, "cam3/176x144": 1088.878662109375, "cam3/240x180": 1232.475341796875, "cam3/320x180": 1385.740478515625, "cam3/320x240": 1256.473388671875, "cam3/480x270": 1409.774169921875, "cam3/480x360": 1262.890625, "cam3/640x360": 1432.927490234375, "cam3/640x480": 1289.0927734375, "cam3/800x450": 1446.38330078125, "cam3/800x600": 1259.49853515625, "cam3/1024x640": 1446.3349609375, "cam3/1024x768": 1339.636962890625, "cam3/1280x720": 1494.512451171875, "cam3/1280x800": 1496.968994140625, "cam3/1280x960": 1328.210205078125, "cam4/streamid_1/quality_1": 1371.107666015625, "cam4/streamid_1/quality_2": 1416.464111328125, "cam4/streamid_1/quality_3": 1410.222900390625, "cam4/streamid_1/quality_4": 1417.75537109375, "cam4/streamid_1/quality_5": 1412.76220703125, "cam4/streamid_0/quality_1": 1546.921142578125, "cam4/streamid_0/quality_2": 1594.036865234375, "cam4/streamid_0/quality_3": 1591.906982421875, "cam4/streamid_0/quality_4": 1593.06494140625, "cam4/streamid_0/quality_5": 1586.639404296875}