{"cam1/160x90": 1399.025390625, "cam1/160x100": 1372.12353515625, "cam1/160x120": 1224.80859375, "cam1/240x180": 1265.103759765625, "cam1/320x180": 1420.302490234375, "cam1/320x200": 1438.543701171875, "cam1/320x240": 1275.641845703125, "cam1/480x270": 1439.804931640625, "cam1/480x300": 1430.79736328125, "cam1/480x360": 1299.359130859375, "cam1/640x360": 1449.6181640625, "cam1/640x400": 1463.9716796875, "cam1/640x480": 1323.68798828125, "cam1/800x450": 1484.568115234375, "cam1/800x500": 1480.759033203125, "cam1/800x600": 1333.145751953125, "cam1/1024x576": 1490.87255859375, "cam1/1024x640": 1497.539794921875, "cam1/1024x768": 1398.56396484375, "cam1/1280x720": 1555.76123046875, "cam1/1280x800": 1555.51953125, "cam1/1280x960": 1444.86962890625, "cam1/1440x900": 1581.456298828125, "cam1/1440x1080": 1482.40185546875, "cam1/1920x1080": 1710.507568359375, "cam2/160x90": 1377.972900390625, "cam2/160x100": 1371.302978515625, "cam2/160x120": 1247.56396484375, "cam2/240x180": 1269.5869140625, "cam2/320x180": 1421.71630859375, "cam2/320x200": 1396.126953125, "cam2/320x240": 1261.633544921875, "cam2/480x270": 1449.10009765625, "cam2/480x300": 1427.755126953125, "cam2/480x360": 1306.93505859375, "cam2/640x360": 1463.55517578125, "cam2/640x400": 1468.121826171875, "cam2/640x480": 1333.18603515625, "cam2/800x450": 1503.179443359375, "cam2/800x500": 1500.68017578125, "cam2/800x600": 1367.010498046875, "cam2/1024x576": 1532.4658203125, "cam2/1024x640": 1581.92041015625, "cam2/1024x768": 1449.122802734375, "cam2/1280x720": 1560.01416015625, "cam2/1280x800": 1609.16845703125, "cam2/1280x960": 1508.873046875, "cam2/1440x900": 1658.45849609375, "cam2/1440x1080": 1599.730224609375, "cam2/1920x1080": 1814.099609375, "cam3/160x90": 1351.96630859375, "cam3/160x120": 1205.26904296875, "cam3/176x144": 1090.91064453125, "cam3/240x180": 1236.544677734375, "cam3/320x180": 1386.55712890625, "cam3/320x240": 1252.937744140625, "cam3/480x270": 1431.01904296875, "cam3/480x360": 1252.294921875, "cam3/640x360": 1419.065185546875, "cam3/640x480": 1287.528564453125, "cam3/800x450": 1444.5283203125, "cam3/800x600": 1265.897705078125, "cam3/1024x640": 1448.658935546875, "cam3/1024x768": 1339.801513671875, "cam3/1280x720": 1505.390380859375, "cam3/1280x800": 1483.248779296875, "cam3/1280x960": 1356.06640625, "cam4/streamid_1/quality_1": 1369.566650390625, "cam4/streamid_1/quality_2": 1408.0830078125, "cam4/streamid_1/quality_3": 1406.474365234375, "cam4/streamid_1/quality_4": 1415.5439453125, "cam4/streamid_1/quality_5": 1419.506103515625, "cam4/streamid_0/quality_1": 1522.375732421875, "cam4/streamid_0/quality_2": 1549.193603515625, "cam4/streamid_0/quality_3": 1589.571533203125, "cam4/streamid_0/quality_4": 1582.951904296875, "cam4/streamid_0/quality_5": 1592.79443359375}