{"cam1/160x90": 1398.31396484375, "cam1/160x100": 1386.65478515625, "cam1/160x120": 1234.44384765625, "cam1/240x180": 1252.60400390625, "cam1/320x180": 1429.089111328125, "cam1/320x200": 1441.5908203125, "cam1/320x240": 1275.5537109375, "cam1/480x270": 1428.73876953125, "cam1/480x300": 1426.34423828125, "cam1/480x360": 1300.84130859375, "cam1/640x360": 1454.638671875, "cam1/640x400": 1468.658447265625, "cam1/640x480": 1334.5146484375, "cam1/800x450": 1485.14697265625, "cam1/800x500": 1486.772705078125, "cam1/800x600": 1334.34619140625, "cam1/1024x576": 1496.735595703125, "cam1/1024x640": 1500.7060546875, "cam1/1024x768": 1393.64697265625, "cam1/1280x720": 1543.940185546875, "cam1/1280x800": 1524.01611328125, "cam1/1280x960": 1436.218505859375, "cam1/1440x900": 1574.0908203125, "cam1/1440x1080": 1478.220703125, "cam1/1920x1080": 1726.10498046875, "cam2/160x90": 1375.800048828125, "cam2/160x100": 1377.980224609375, "cam2/160x120": 1251.518310546875, "cam2/240x180": 1276.0517578125, "cam2/320x180": 1419.080078125, "cam2/320x200": 1397.274658203125, "cam2/320x240": 1270.951904296875, "cam2/480x270": 1423.445068359375, "cam2/480x300": 1432.96484375, "cam2/480x360": 1291.613525390625, "cam2/640x360": 1463.43310546875, "cam2/640x400": 1458.544189453125, "cam2/640x480": 1334.431884765625, "cam2/800x450": 1514.19677734375, "cam2/800x500": 1499.197021484375, "cam2/800x600": 1359.972412109375, "cam2/1024x576": 1542.116943359375, "cam2/1024x640": 1583.0927734375, "cam2/1024x768": 1438.11474609375, "cam2/1280x720": 1575.01123046875, "cam2/1280x800": 1613.424072265625, "cam2/1280x960": 1544.72412109375, "cam2/1440x900": 1651.194091796875, "cam2/1440x1080": 1608.986572265625, "cam2/1920x1080": 1789.0908203125, "cam3/160x90": 1364.1806640625, "cam3/160x120": 1210.0537109375, "cam3/176x144": 1083.78271484375, "cam3/240x180": 1229.50341796875, "cam3/320x180": 1390.69287109375, "cam3/320x240": 1244.69384765625, "cam3/480x270": 1405.02490234375, "cam3/480x360": 1268.382568359375, "cam3/640x360": 1438.0517578125, "cam3/640x480": 1293.70751953125, "cam3/800x450": 1432.805419921875, "cam3/800x600": 1258.065673828125, "cam3/1024x640": 1464.765625, "cam3/1024x768": 1332.47509765625, "cam3/1280x720": 1494.669677734375, "cam3/1280x800": 1478.23681640625, "cam3/1280x960": 1338.756591796875, "cam4/streamid_1/quality_1": 1372.65380859375, "cam4/streamid_1/quality_2": 1405.64306640625, "cam4/streamid_1/quality_3": 1418.74853515625, "cam4/streamid_1/quality_4": 1410.336181640625, "cam4/streamid_1/quality_5": 1422.413330078125, "cam4/streamid_0/quality_1": 1536.246826171875, "cam4/streamid_0/quality_2": 1579.353515625, "cam4/streamid_0/quality_3": 1587.311279296875, "cam4/streamid_0/quality_4": 1594.578125, "cam4/streamid_0/quality_5": 1584.285888671875}