{"cam1/160x90": 1380.0234375, "cam1/160x100": 1395.17236328125, "cam1/160x120": 1240.8671875, "cam1/240x180": 1261.381591796875, "cam1/320x180": 1420.05615234375, "cam1/320x200": 1430.586669921875, "cam1/320x240": 1275.99072265625, "cam1/480x270": 1434.857177734375, "cam1/480x300": 1438.025146484375, "cam1/480x360": 1315.757568359375, "cam1/640x360": 1456.771728515625, "cam1/640x400": 1458.645751953125, "cam1/640x480": 1324.041748046875, "cam1/800x450": 1474.735595703125, "cam1/800x500": 1490.602783203125, "cam1/800x600": 1345.548583984375, "cam1/1024x576": 1493.225341796875, "cam1/1024x640": 1513.73291015625, "cam1/1024x768": 1413.557373046875, "cam1/1280x720": 1555.716064453125, "cam1/1280x800": 1552.80615234375, "cam1/1280x960": 1455.8564453125, "cam1/1440x900": 1634.83740234375, "cam1/1440x1080": 1470.391845703125, "cam1/1920x1080": 1743.153564453125, "cam2/160x90": 1383.853271484375, "cam2/160x100": 1375.144775390625, "cam2/160x120": 1233.383544921875, "cam2/240x180": 1286.328369140625, "cam2/320x180": 1417.46630859375, "cam2/320x200": 1393.406982421875, "cam2/320x240": 1272.31787109375, "cam2/480x270": 1423.84814453125, "cam2/480x300": 1423.697998046875, "cam2/480x360": 1295.454345703125, "cam2/640x360": 1458.33203125, "cam2/640x400": 1494.005859375, "cam2/640x480": 1341.549560546875, "cam2/800x450": 1507.313232421875, "cam2/800x500": 1505.824951171875, "cam2/800x600": 1367.741455078125, "cam2/1024x576": 1547.00146484375, "cam2/1024x640": 1576.589111328125, "cam2/1024x768": 1457.037353515625, "cam2/1280x720": 1559.1982421875, "cam2/1280x800": 1609.432373046875, "cam2/1280x960": 1500.875732421875, "cam2/1440x900": 1661.743408203125, "cam2/1440x1080": 1617.16748046875, "cam2/1920x1080": 1801.525390625, "cam3/160x90": 1349.984130859375, "cam3/160x120": 1210.899658203125, "cam3/176x144": 1092.8486328125, "cam3/240x180": 1236.3408203125, "cam3/320x180": 1399.69873046875, "cam3/320x240": 1238.348388671875, "cam3/480x270": 1399.347412109375, "cam3/480x360": 1251.548828125, "cam3/640x360": 1414.81689453125, "cam3/640x480": 1301.504638671875, "cam3/800x450": 1444.873779296875, "cam3/800x600": 1260.464599609375, "cam3/1024x640": 1453.783935546875, "cam3/1024x768": 1344.2919921875, "cam3/1280x720": 1512.39599609375, "cam3/1280x800": 1501.03076171875, "cam3/1280x960": 1346.46533203125, "cam4/streamid_1/quality_1": 1378.8935546875, "cam4/streamid_1/quality_2": 1416.76806640625, "cam4/streamid_1/quality_3": 1395.75341796875, "cam4/streamid_1/quality_4": 1396.096923828125, "cam4/streamid_1/quality_5": 1407.524169921875, "cam4/streamid_0/quality_1": 1550.416748046875, "cam4/streamid_0/quality_2": 1559.026611328125, "cam4/streamid_0/quality_3": 1602.214111328125, "cam4/streamid_0/quality_4": 1582.86279296875, "cam4/streamid_0/quality_5": 1587.655029296875}