{"cam1/160x90": 1388.563232421875, "cam1/160x100": 1373.47021484375, "cam1/160x120": 1234.357666015625, "cam1/240x180": 1256.10791015625, "cam1/320x180": 1436.271484375, "cam1/320x200": 1443.92333984375, "cam1/320x240": 1294.014404296875, "cam1/480x270": 1434.81689453125, "cam1/480x300": 1437.71337890625, "cam1/480x360": 1304.047119140625, "cam1/640x360": 1454.825439453125, "cam1/640x400": 1471.006591796875, "cam1/640x480": 1319.847900390625, "cam1/800x450": 1475.64794921875, "cam1/800x500": 1475.603515625, "cam1/800x600": 1338.822998046875, "cam1/1024x576": 1489.736572265625, "cam1/1024x640": 1493.25732421875, "cam1/1024x768": 1389.010498046875, "cam1/1280x720": 1549.092529296875, "cam1/1280x800": 1541.28857421875, "cam1/1280x960": 1446.11376953125, "cam1/1440x900": 1574.03466796875, "cam1/1440x1080": 1474.702880859375, "cam1/1920x1080": 1728.6572265625, "cam2/160x90": 1394.90283203125, "cam2/160x100": 1375.51513671875, "cam2/160x120": 1238.15576171875, "cam2/240x180": 1263.092041015625, "cam2/320x180": 1407.10986328125, "cam2/320x200": 1418.17919921875, "cam2/320x240": 1265.886474609375, "cam2/480x270": 1438.56884765625, "cam2/480x300": 1438.95556640625, "cam2/480x360": 1285.684326171875, "cam2/640x360": 1462.985595703125, "cam2/640x400": 1461.086669921875, "cam2/640x480": 1324.92333984375, "cam2/800x450": 1504.62109375, "cam2/800x500": 1489.38037109375, "cam2/800x600": 1328.90625, "cam2/1024x576": 1546.294677734375, "cam2/1024x640": 1571.10595703125, "cam2/1024x768": 1441.28271484375, "cam2/1280x720": 1562.52685546875, "cam2/1280x800": 1624.5126953125, "cam2/1280x960": 1514.01806640625, "cam2/1440x900": 1654.69189453125, "cam2/1440x1080": 1608.050537109375, "cam2/1920x1080": 1814.0234375, "cam3/160x90": 1367.16552734375, "cam3/160x120": 1202.991943359375, "cam3/176x144": 1094.61376953125, "cam3/240x180": 1239.96826171875, "cam3/320x180": 1393.171142578125, "cam3/320x240": 1253.3974609375, "cam3/480x270": 1409.539794921875, "cam3/480x360": 1258.072998046875, "cam3/640x360": 1422.173583984375, "cam3/640x480": 1284.985107421875, "cam3/800x450": 1444.764892578125, "cam3/800x600": 1262.488525390625, "cam3/1024x640": 1459.0185546875, "cam3/1024x768": 1320.3681640625, "cam3/1280x720": 1476.738037109375, "cam3/1280x800": 1500.313720703125, "cam3/1280x960": 1348.588134765625, "cam4/streamid_1/quality_1": 1376.46044921875, "cam4/streamid_1/quality_2": 1412.11083984375, "cam4/streamid_1/quality_3": 1410.188232421875, "cam4/streamid_1/quality_4": 1414.6435546875, "cam4/streamid_1/quality_5": 1417.27392578125, "cam4/streamid_0/quality_1": 1542.96240234375, "cam4/streamid_0/quality_2": 1569.774658203125, "cam4/streamid_0/quality_3": 1578.97314453125, "cam4/streamid_0/quality_4": 1585.50146484375, "cam4/streamid_0/quality_5": 1589.217041015625}