{"cam1/160x90": 1393.78857421875, "cam1/160x100": 1380.2841796875, "cam1/160x120": 1226.775634765625, "cam1/240x180": 1263.650634765625, "cam1/320x180": 1435.410888671875, "cam1/320x200": 1438.5966796875, "cam1/320x240": 1283.536376953125, "cam1/480x270": 1433.709228515625, "cam1/480x300": 1436.208740234375, "cam1/480x360": 1313.11669921875, "cam1/640x360": 1465.7265625, "cam1/640x400": 1470.37841796875, "cam1/640x480": 1315.993408203125, "cam1/800x450": 1472.229736328125, "cam1/800x500": 1472.798095703125, "cam1/800x600": 1347.536376953125, "cam1/1024x576": 1494.59912109375, "cam1/1024x640": 1491.5615234375, "cam1/1024x768": 1393.835205078125, "cam1/1280x720": 1559.779541015625, "cam1/1280x800": 1561.69091796875, "cam1/1280x960": 1435.9287109375, "cam1/1440x900": 1575.1298828125, "cam1/1440x1080": 1461.057861328125, "cam1/1920x1080": 1704.5419921875, "cam2/160x90": 1383.67333984375, "cam2/160x100": 1372.853759765625, "cam2/160x120": 1254.05322265625, "cam2/240x180": 1250.55322265625, "cam2/320x180": 1438.01806640625, "cam2/320x200": 1400.683837890625, "cam2/320x240": 1257.859130859375, "cam2/480x270": 1425.755126953125, "cam2/480x300": 1426.588134765625, "cam2/480x360": 1294.546142578125, "cam2/640x360": 1462.05517578125, "cam2/640x400": 1474.30419921875, "cam2/640x480": 1344.655029296875, "cam2/800x450": 1502.536376953125, "cam2/800x500": 1509.336181640625, "cam2/800x600": 1360.4052734375, "cam2/1024x576": 1539.430908203125, "cam2/1024x640": 1575.59033203125, "cam2/1024x768": 1447.6435546875, "cam2/1280x720": 1547.677490234375, "cam2/1280x800": 1633.6484375, "cam2/1280x960": 1529.954345703125, "cam2/1440x900": 1678.4306640625, "cam2/1440x1080": 1628.317626953125, "cam2/1920x1080": 1790.083251953125, "cam3/160x90": 1353.71044921875, "cam3/160x120": 1221.2255859375, "cam3/176x144": 1102.4462890625, "cam3/240x180": 1248.99365234375, "cam3/320x180": 1397.677001953125, "cam3/320x240": 1232.772705078125, "cam3/480x270": 1409.505126953125, "cam3/480x360": 1253.382080078125, "cam3/640x360": 1436.33349609375, "cam3/640x480": 1280.79248046875, "cam3/800x450": 1442.30615234375, "cam3/800x600": 1267.491455078125, "cam3/1024x640": 1464.87890625, "cam3/1024x768": 1348.732177734375, "cam3/1280x720": 1494.250732421875, "cam3/1280x800": 1499.42822265625, "cam3/1280x960": 1338.55859375, "cam4/streamid_1/quality_1": 1380.20166015625, "cam4/streamid_1/quality_2": 1427.948974609375, "cam4/streamid_1/quality_3": 1413.079833984375, "cam4/streamid_1/quality_4": 1409.093994140625, "cam4/streamid_1/quality_5": 1416.88720703125, "cam4/streamid_0/quality_1": 1519.81396484375, "cam4/streamid_0/quality_2": 1553.679443359375, "cam4/streamid_0/quality_3": 1585.05078125, "cam4/streamid_0/quality_4": 1568.130615234375, "cam4/streamid_0/quality_5": 1588.757080078125}