{"cam1/160x90": 1385.907470703125, "cam1/160x100": 1385.29052734375, "cam1/160x120": 1227.74853515625, "cam1/240x180": 1260.700439453125, "cam1/320x180": 1429.7548828125, "cam1/320x200": 1444.795654296875, "cam1/320x240": 1271.71533203125, "cam1/480x270": 1436.668212890625, "cam1/480x300": 1436.455078125, "cam1/480x360": 1301.62548828125, "cam1/640x360": 1452.167724609375, "cam1/640x400": 1462.514404296875, "cam1/640x480": 1320.3671875, "cam1/800x450": 1490.5625, "cam1/800x500": 1453.85888671875, "cam1/800x600": 1357.024658203125, "cam1/1024x576": 1488.692138671875, "cam1/1024x640": 1480.945068359375, "cam1/1024x768": 1375.529541015625, "cam1/1280x720": 1560.78955078125, "cam1/1280x800": 1533.65673828125, "cam1/1280x960": 1431.953369140625, "cam1/1440x900": 1565.82080078125, "cam1/1440x1080": 1468.6533203125, "cam1/1920x1080": 1703.99755859375, "cam2/160x90": 1385.710205078125, "cam2/160x100": 1371.274658203125, "cam2/160x120": 1232.7587890625, "cam2/240x180": 1267.798583984375, "cam2/320x180": 1417.330810546875, "cam2/320x200": 1416.999267578125, "cam2/320x240": 1272.54931640625, "cam2/480x270": 1434.431884765625, "cam2/480x300": 1439.14404296875, "cam2/480x360": 1289.060791015625, "cam2/640x360": 1467.841796875, "cam2/640x400": 1471.5146484375, "cam2/640x480": 1337.50830078125, "cam2/800x450": 1501.405029296875, "cam2/800x500": 1504.76708984375, "cam2/800x600": 1364.47705078125, "cam2/1024x576": 1555.2060546875, "cam2/1024x640": 1578.0712890625, "cam2/1024x768": 1449.15673828125, "cam2/1280x720": 1561.571533203125, "cam2/1280x800": 1608.936279296875, "cam2/1280x960": 1501.612548828125, "cam2/1440x900": 1664.231689453125, "cam2/1440x1080": 1609.846923828125, "cam2/1920x1080": 1805.64404296875, "cam3/160x90": 1359.37744140625, "cam3/160x120": 1212.513916015625, "cam3/176x144": 1087.22705078125, "cam3/240x180": 1234.962158203125, "cam3/320x180": 1403.1767578125, "cam3/320x240": 1244.49365234375, "cam3/480x270": 1403.07080078125, "cam3/480x360": 1261.608642578125, "cam3/640x360": 1442.41357421875, "cam3/640x480": 1295.858642578125, "cam3/800x450": 1446.329833984375, "cam3/800x600": 1258.80517578125, "cam3/1024x640": 1456.12353515625, "cam3/1024x768": 1335.40185546875, "cam3/1280x720": 1486.92333984375, "cam3/1280x800": 1498.953369140625, "cam3/1280x960": 1350.515625, "cam4/streamid_1/quality_1": 1372.733154296875, "cam4/streamid_1/quality_2": 1411.159423828125, "cam4/streamid_1/quality_3": 1413.24609375, "cam4/streamid_1/quality_4": 1420.57080078125, "cam4/streamid_1/quality_5": 1412.1875, "cam4/streamid_0/quality_1": 1553.1533203125, "cam4/streamid_0/quality_2": 1594.476806640625, "cam4/streamid_0/quality_3": 1625.071533203125, "cam4/streamid_0/quality_4": 1605.3505859375, "cam4/streamid_0/quality_5": 1600.900146484375}