{"original": {"TP": 11.93734335839599, "FP": 3.4849624060150375, "FN": 4.8847117794486214, "accuracy": 0.8019257545573325, "recall": 0.7974804412804475}, "scaled": {"0.1": {"INTER_NEAREST": {"TP": 1.449874686716792, "FP": 15.37218045112782, "FN": 12.795739348370928, "accuracy": 0.08115362328037587, "recall": 0.0859790880668345}, "INTER_LINEAR": {"TP": 7.114035087719298, "FP": 9.708020050125313, "FN": 7.0664160401002505, "accuracy": 0.4444223310125276, "recall": 0.43947554354657603}, "INTER_CUBIC": {"TP": 6.208020050125313, "FP": 10.614035087719298, "FN": 6.370927318295739, "accuracy": 0.3984463228428934, "recall": 0.4158882555749331}, "INTER_AREA": {"TP": 2.112781954887218, "FP": 14.709273182957393, "FN": 9.662907268170427, "accuracy": 0.11695306947214772, "recall": 0.14358748474024083}, "INTER_LANCZOS4": {"TP": 5.150375939849624, "FP": 11.671679197994987, "FN": 5.578947368421052, "accuracy": 0.33325953480215775, "recall": 0.37928363891622385}}, "0.2": {"INTER_NEAREST": {"TP": 3.4849624060150375, "FP": 13.337092731829573, "FN": 14.794486215538846, "accuracy": 0.2200087846752528, "recall": 0.1861157871200877}, "INTER_LINEAR": {"TP": 9.393483709273182, "FP": 7.428571428571429, "FN": 6.489974937343359, "accuracy": 0.6339682587946817, "recall": 0.5671487565252532}, "INTER_CUBIC": {"TP": 9.144110275689224, "FP": 7.677944862155388, "FN": 6.432330827067669, "accuracy": 0.6261168381500665, "recall": 0.5604114954821424}, "INTER_AREA": {"TP": 5.2781954887218046, "FP": 11.543859649122806, "FN": 11.022556390977444, "accuracy": 0.35099537369650674, "recall": 0.30361156499116515}, "INTER_LANCZOS4": {"TP": 8.68170426065163, "FP": 8.140350877192983, "FN": 6.591478696741855, "accuracy": 0.601592684667871, "recall": 0.5404273806951346}}, "0.3": {"INTER_NEAREST": {"TP": 8.362155388471178, "FP": 8.459899749373433, "FN": 8.225563909774436, "accuracy": 0.5701473784570626, "recall": 0.48804545444597575}, "INTER_LINEAR": {"TP": 10.720551378446116, "FP": 6.101503759398496, "FN": 5.06015037593985, "accuracy": 0.7316029177661197, "recall": 0.6673261430121157}, "INTER_CUBIC": {"TP": 10.461152882205514, "FP": 6.360902255639098, "FN": 5.256892230576441, "accuracy": 0.7169231043383154, "recall": 0.6506793816347685}, "INTER_AREA": {"TP": 9.848370927318296, "FP": 6.973684210526316, "FN": 6.256892230576441, "accuracy": 0.6772376185897594, "recall": 0.5979437088293783}, "INTER_LANCZOS4": {"TP": 10.18796992481203, "FP": 6.634085213032582, "FN": 5.416040100250626, "accuracy": 0.6996625120153201, "recall": 0.6409092872825725}}, "0.4": {"INTER_NEAREST": {"TP": 10.289473684210526, "FP": 6.532581453634085, "FN": 5.93984962406015, "accuracy": 0.697066160991823, "recall": 0.6156562968865098}, "INTER_LINEAR": {"TP": 11.179197994987469, "FP": 5.642857142857143, "FN": 4.447368421052632, "accuracy": 0.7568558053771774, "recall": 0.7142992573864154}, "INTER_CUBIC": {"TP": 11.081453634085213, "FP": 5.7406015037593985, "FN": 4.531328320802005, "accuracy": 0.7524896593563696, "recall": 0.7091741656714938}, "INTER_AREA": {"TP": 11.180451127819548, "FP": 5.641604010025063, "FN": 4.525062656641604, "accuracy": 0.7566174792584134, "recall": 0.7081025399503481}, "INTER_LANCZOS4": {"TP": 10.838345864661655, "FP": 5.983709273182957, "FN": 4.745614035087719, "accuracy": 0.7370216920172145, "recall": 0.6892145346258564}}, "0.5": {"INTER_NEAREST": {"TP": 11.414786967418546, "FP": 5.4072681704260654, "FN": 4.275689223057644, "accuracy": 0.7682479043816027, "recall": 0.7220832263582324}, "INTER_LINEAR": {"TP": 11.49874686716792, "FP": 5.323308270676692, "FN": 4.057644110275689, "accuracy": 0.7713431408542594, "recall": 0.7372847477640713}, "INTER_CUBIC": {"TP": 11.669172932330827, "FP": 5.152882205513785, "FN": 3.911027568922306, "accuracy": 0.7838955565817693, "recall": 0.7542885628467234}, "INTER_AREA": {"TP": 11.62531328320802, "FP": 5.196741854636591, "FN": 4.020050125313284, "accuracy": 0.7811540346906726, "recall": 0.7433974592512378}, "INTER_LANCZOS4": {"TP": 11.523809523809524, "FP": 5.298245614035087, "FN": 4.082706766917293, "accuracy": 0.7768411124830228, "recall": 0.7410926166565258}}, "0.6": {"INTER_NEAREST": {"TP": 11.12406015037594, "FP": 5.697994987468672, "FN": 4.819548872180451, "accuracy": 0.7512965710954854, "recall": 0.6780502079374248}, "INTER_LINEAR": {"TP": 11.685463659147869, "FP": 5.136591478696742, "FN": 3.8771929824561404, "accuracy": 0.7833668058802018, "recall": 0.7513736009333555}, "INTER_CUBIC": {"TP": 11.781954887218046, "FP": 5.040100250626566, "FN": 3.773182957393484, "accuracy": 0.7886752176810483, "recall": 0.7637139908706971}, "INTER_AREA": {"TP": 11.674185463659148, "FP": 5.147869674185464, "FN": 3.8796992481203008, "accuracy": 0.7827397942235321, "recall": 0.7559477698575441}, "INTER_LANCZOS4": {"TP": 11.75187969924812, "FP": 5.0701754385964914, "FN": 3.7857142857142856, "accuracy": 0.7871360525659022, "recall": 0.7640562827592899}}, "0.7": {"INTER_NEAREST": {"TP": 11.457393483709273, "FP": 5.364661654135339, "FN": 4.328320802005012, "accuracy": 0.77321387261544, "recall": 0.7205210690173084}, "INTER_LINEAR": {"TP": 11.704260651629072, "FP": 5.117794486215539, "FN": 3.854636591478697, "accuracy": 0.7825707173682424, "recall": 0.7538266003657424}, "INTER_CUBIC": {"TP": 11.81578947368421, "FP": 5.006265664160401, "FN": 3.680451127819549, "accuracy": 0.7885565552109302, "recall": 0.7727723082293722}, "INTER_AREA": {"TP": 11.672932330827068, "FP": 5.149122807017544, "FN": 3.893483709273183, "accuracy": 0.7817737615199811, "recall": 0.7538299025085844}, "INTER_LANCZOS4": {"TP": 11.837092731829573, "FP": 4.984962406015038, "FN": 3.6578947368421053, "accuracy": 0.7878800265305828, "recall": 0.7741949118828816}}, "0.8": {"INTER_NEAREST": {"TP": 11.612781954887218, "FP": 5.209273182957394, "FN": 4.06265664160401, "accuracy": 0.7775625641697447, "recall": 0.7353218799481512}, "INTER_LINEAR": {"TP": 11.68922305764411, "FP": 5.132832080200501, "FN": 3.845864661654135, "accuracy": 0.7825041148614184, "recall": 0.7614673303583074}, "INTER_CUBIC": {"TP": 11.838345864661655, "FP": 4.983709273182957, "FN": 3.6904761904761907, "accuracy": 0.7908744898647523, "recall": 0.7744379156107485}, "INTER_AREA": {"TP": 11.68170426065163, "FP": 5.140350877192983, "FN": 3.8596491228070176, "accuracy": 0.7822561648158566, "recall": 0.7581946720740387}, "INTER_LANCZOS4": {"TP": 11.854636591478696, "FP": 4.967418546365915, "FN": 3.664160401002506, "accuracy": 0.7923630033313397, "recall": 0.7779282260485263}}, "0.9": {"INTER_NEAREST": {"TP": 11.769423558897243, "FP": 5.052631578947368, "FN": 3.8847117794486214, "accuracy": 0.7878745028806378, "recall": 0.7505457575006439}, "INTER_LINEAR": {"TP": 11.760651629072681, "FP": 5.06140350877193, "FN": 3.7869674185463658, "accuracy": 0.7871660345066056, "recall": 0.7649438540910637}, "INTER_CUBIC": {"TP": 11.837092731829573, "FP": 4.984962406015038, "FN": 3.669172932330827, "accuracy": 0.7902344904374188, "recall": 0.7749192620977338}, "INTER_AREA": {"TP": 11.670426065162907, "FP": 5.151629072681704, "FN": 3.924812030075188, "accuracy": 0.7826590810969042, "recall": 0.7515960265020413}, "INTER_LANCZOS4": {"TP": 11.828320802005013, "FP": 4.993734335839599, "FN": 3.672932330827068, "accuracy": 0.7899007354861474, "recall": 0.7773634121378475}}, "1": {"INTER_NEAREST": {"TP": 11.852130325814537, "FP": 4.969924812030075, "FN": 3.6215538847117794, "accuracy": 0.7920452581433591, "recall": 0.786335267350304}, "INTER_LINEAR": {"TP": 11.852130325814537, "FP": 4.969924812030075, "FN": 3.6215538847117794, "accuracy": 0.7920452581433591, "recall": 0.786335267350304}, "INTER_CUBIC": {"TP": 11.852130325814537, "FP": 4.969924812030075, "FN": 3.6215538847117794, "accuracy": 0.7920452581433591, "recall": 0.786335267350304}, "INTER_AREA": {"TP": 11.852130325814537, "FP": 4.969924812030075, "FN": 3.6215538847117794, "accuracy": 0.7920452581433591, "recall": 0.786335267350304}, "INTER_LANCZOS4": {"TP": 11.852130325814537, "FP": 4.969924812030075, "FN": 3.6215538847117794,