{"cam1/160x90": 1383.152099609375, "cam1/160x100": 1356.503173828125, "cam1/160x120": 1219.27392578125, "cam1/240x180": 1258.412841796875, "cam1/320x180": 1414.44970703125, "cam1/320x200": 1418.928466796875, "cam1/320x240": 1268.866455078125, "cam1/480x270": 1422.926513671875, "cam1/480x300": 1420.886474609375, "cam1/480x360": 1288.484130859375, "cam1/640x360": 1431.10302734375, "cam1/640x400": 1436.7734375, "cam1/640x480": 1292.229736328125, "cam1/800x450": 1437.9384765625, "cam1/800x500": 1435.989501953125, "cam1/800x600": 1306.254150390625, "cam1/1024x576": 1458.394775390625, "cam1/1024x640": 1452.775390625, "cam1/1024x768": 1343.28173828125, "cam1/1280x720": 1494.163818359375, "cam1/1280x800": 1474.836181640625, "cam1/1280x960": 1371.653076171875, "cam1/1440x900": 1506.536376953125, "cam1/1440x1080": 1401.340087890625, "cam1/1920x1080": 1614.423583984375, "cam2/160x90": 1372.383544921875, "cam2/160x100": 1364.723876953125, "cam2/160x120": 1231.26904296875, "cam2/240x180": 1231.437255859375, "cam2/320x180": 1391.451171875, "cam2/320x200": 1388.431396484375, "cam2/320x240": 1249.561767578125, "cam2/480x270": 1414.655517578125, "cam2/480x300": 1411.552978515625, "cam2/480x360": 1259.5400390625, "cam2/640x360": 1427.201171875, "cam2/640x400": 1438.99267578125, "cam2/640x480": 1296.763427734375, "cam2/800x450": 1436.09619140625, "cam2/800x500": 1450.6591796875, "cam2/800x600": 1304.092041015625, "cam2/1024x576": 1474.74609375, "cam2/1024x640": 1486.35791015625, "cam2/1024x768": 1340.985595703125, "cam2/1280x720": 1473.9248046875, "cam2/1280x800": 1536.1904296875, "cam2/1280x960": 1400.52197265625, "cam2/1440x900": 1568.52294921875, "cam2/1440x1080": 1447.203125, "cam2/1920x1080": 1638.153076171875, "cam3/160x90": 1344.47802734375, "cam3/160x120": 1204.12451171875, "cam3/176x144": 1088.916015625, "cam3/240x180": 1215.353515625, "cam3/320x180": 1375.758544921875, "cam3/320x240": 1221.27880859375, "cam3/480x270": 1391.30908203125, "cam3/480x360": 1237.951904296875, "cam3/640x360": 1401.234130859375, "cam3/640x480": 1260.130126953125, "cam3/800x450": 1412.195556640625, "cam3/800x600": 1241.35009765625, "cam3/1024x640": 1415.15869140625, "cam3/1024x768": 1290.233154296875, "cam3/1280x720": 1444.16455078125, "cam3/1280x800": 1429.286865234375, "cam3/1280x960": 1281.563720703125, "cam4/streamid_1/quality_1": 1365.905029296875, "cam4/streamid_1/quality_2": 1418.671630859375, "cam4/streamid_1/quality_3": 1408.617919921875, "cam4/streamid_1/quality_4": 1401.70947265625, "cam4/streamid_1/quality_5": 1397.372314453125, "cam4/streamid_0/quality_1": 1546.923583984375, "cam4/streamid_0/quality_2": 1553.00390625, "cam4/streamid_0/quality_3": 1572.699951171875, "cam4/streamid_0/quality_4": 1587.876220703125, "cam4/streamid_0/quality_5": 1570.085205078125}