{"cam1/160x90": 1365.348388671875, "cam1/160x100": 1381.036865234375, "cam1/160x120": 1226.79833984375, "cam1/240x180": 1246.08251953125, "cam1/320x180": 1402.873779296875, "cam1/320x200": 1411.957763671875, "cam1/320x240": 1258.8251953125, "cam1/480x270": 1411.73193359375, "cam1/480x300": 1411.8974609375, "cam1/480x360": 1285.449462890625, "cam1/640x360": 1431.5087890625, "cam1/640x400": 1432.683837890625, "cam1/640x480": 1290.114013671875, "cam1/800x450": 1439.82421875, "cam1/800x500": 1448.43017578125, "cam1/800x600": 1309.622802734375, "cam1/1024x576": 1455.8291015625, "cam1/1024x640": 1470.63623046875, "cam1/1024x768": 1353.036376953125, "cam1/1280x720": 1499.16162109375, "cam1/1280x800": 1492.113525390625, "cam1/1280x960": 1382.19775390625, "cam1/1440x900": 1520.7548828125, "cam1/1440x1080": 1396.0078125, "cam1/1920x1080": 1636.958251953125, "cam2/160x90": 1369.982421875, "cam2/160x100": 1361.22802734375, "cam2/160x120": 1218.855712890625, "cam2/240x180": 1268.828857421875, "cam2/320x180": 1398.9912109375, "cam2/320x200": 1376.065673828125, "cam2/320x240": 1249.382568359375, "cam2/480x270": 1400.36376953125, "cam2/480x300": 1398.96142578125, "cam2/480x360": 1265.4248046875, "cam2/640x360": 1417.801513671875, "cam2/640x400": 1452.037841796875, "cam2/640x480": 1296.453369140625, "cam2/800x450": 1456.760009765625, "cam2/800x500": 1450.7958984375, "cam2/800x600": 1307.025146484375, "cam2/1024x576": 1464.68701171875, "cam2/1024x640": 1489.410400390625, "cam2/1024x768": 1344.66455078125, "cam2/1280x720": 1478.0947265625, "cam2/1280x800": 1513.0009765625, "cam2/1280x960": 1391.56005859375, "cam2/1440x900": 1553.569580078125, "cam2/1440x1080": 1440.471923828125, "cam2/1920x1080": 1620.0673828125, "cam3/160x90": 1335.496826171875, "cam3/160x120": 1197.10498046875, "cam3/176x144": 1078.89501953125, "cam3/240x180": 1219.16162109375, "cam3/320x180": 1384.064697265625, "cam3/320x240": 1220.159423828125, "cam3/480x270": 1382.153076171875, "cam3/480x360": 1228.577392578125, "cam3/640x360": 1384.555908203125, "cam3/640x480": 1263.7529296875, "cam3/800x450": 1412.33447265625, "cam3/800x600": 1228.035400390625, "cam3/1024x640": 1414.70361328125, "cam3/1024x768": 1294.8310546875, "cam3/1280x720": 1453.90673828125, "cam3/1280x800": 1429.951416015625, "cam3/1280x960": 1272.48388671875, "cam4/streamid_1/quality_1": 1365.01123046875, "cam4/streamid_1/quality_2": 1403.6005859375, "cam4/streamid_1/quality_3": 1383.020751953125, "cam4/streamid_1/quality_4": 1382.177001953125, "cam4/streamid_1/quality_5": 1393.758544921875, "cam4/streamid_0/quality_1": 1536.222900390625, "cam4/streamid_0/quality_2": 1544.15185546875, "cam4/streamid_0/quality_3": 1586.33203125, "cam4/streamid_0/quality_4": 1567.244873046875, "cam4/streamid_0/quality_5": 1571.312744140625}