{"cam1/160x90": 1373.736328125, "cam1/160x100": 1358.80810546875, "cam1/160x120": 1219.460205078125, "cam1/240x180": 1238.94970703125, "cam1/320x180": 1418.100341796875, "cam1/320x200": 1427.212890625, "cam1/320x240": 1274.55029296875, "cam1/480x270": 1411.0634765625, "cam1/480x300": 1412.9365234375, "cam1/480x360": 1276.913330078125, "cam1/640x360": 1425.5078125, "cam1/640x400": 1441.713623046875, "cam1/640x480": 1287.542724609375, "cam1/800x450": 1444.51513671875, "cam1/800x500": 1440.701416015625, "cam1/800x600": 1300.0390625, "cam1/1024x576": 1447.440673828125, "cam1/1024x640": 1449.388427734375, "cam1/1024x768": 1341.14990234375, "cam1/1280x720": 1494.833984375, "cam1/1280x800": 1478.35693359375, "cam1/1280x960": 1382.64501953125, "cam1/1440x900": 1505.313720703125, "cam1/1440x1080": 1398.384765625, "cam1/1920x1080": 1620.275634765625, "cam2/160x90": 1380.838134765625, "cam2/160x100": 1360.398193359375, "cam2/160x120": 1224.20068359375, "cam2/240x180": 1247.88818359375, "cam2/320x180": 1390.3935546875, "cam2/320x200": 1401.072998046875, "cam2/320x240": 1247.992919921875, "cam2/480x270": 1412.423583984375, "cam2/480x300": 1412.6416015625, "cam2/480x360": 1258.60302734375, "cam2/640x360": 1430.162841796875, "cam2/640x400": 1425.60400390625, "cam2/640x480": 1283.5908203125, "cam2/800x450": 1459.273681640625, "cam2/800x500": 1440.226318359375, "cam2/800x600": 1272.735107421875, "cam2/1024x576": 1467.777099609375, "cam2/1024x640": 1484.30078125, "cam2/1024x768": 1336.309814453125, "cam2/1280x720": 1467.549560546875, "cam2/1280x800": 1523.033203125, "cam2/1280x960": 1391.3662109375, "cam2/1440x900": 1540.868408203125, "cam2/1440x1080": 1430.951171875, "cam2/1920x1080": 1633.729248046875, "cam3/160x90": 1351.26171875, "cam3/160x120": 1188.77490234375, "cam3/176x144": 1080.62451171875, "cam3/240x180": 1225.467041015625, "cam3/320x180": 1377.86962890625, "cam3/320x240": 1234.20556640625, "cam3/480x270": 1391.547607421875, "cam3/480x360": 1233.507568359375, "cam3/640x360": 1398.42724609375, "cam3/640x480": 1258.92822265625, "cam3/800x450": 1416.970703125, "cam3/800x600": 1230.032958984375, "cam3/1024x640": 1411.636962890625, "cam3/1024x768": 1276.455322265625, "cam3/1280x720": 1424.10791015625, "cam3/1280x800": 1445.37744140625, "cam3/1280x960": 1282.298095703125, "cam4/streamid_1/quality_1": 1362.778564453125, "cam4/streamid_1/quality_2": 1400.0888671875, "cam4/streamid_1/quality_3": 1396.724609375, "cam4/streamid_1/quality_4": 1401.154296875, "cam4/streamid_1/quality_5": 1403.947509765625, "cam4/streamid_0/quality_1": 1529.017578125, "cam4/streamid_0/quality_2": 1556.691650390625, "cam4/streamid_0/quality_3": 1564.212158203125, "cam4/streamid_0/quality_4": 1570.123779296875, "cam4/streamid_0/quality_5": 1574.062744140625}