{"cam1/160x90": 1397.2529296875, "cam1/160x100": 1359.65966796875, "cam1/160x120": 1216.85791015625, "cam1/240x180": 1253.227783203125, "cam1/320x180": 1414.8837890625, "cam1/320x200": 1416.377685546875, "cam1/320x240": 1258.91064453125, "cam1/480x270": 1409.329833984375, "cam1/480x300": 1399.087646484375, "cam1/480x360": 1276.43359375, "cam1/640x360": 1426.811767578125, "cam1/640x400": 1433.873779296875, "cam1/640x480": 1298.35546875, "cam1/800x450": 1458.602294921875, "cam1/800x500": 1429.31787109375, "cam1/800x600": 1308.72314453125, "cam1/1024x576": 1453.727783203125, "cam1/1024x640": 1442.487060546875, "cam1/1024x768": 1332.849609375, "cam1/1280x720": 1477.6953125, "cam1/1280x800": 1459.031005859375, "cam1/1280x960": 1364.523681640625, "cam1/1440x900": 1486.888671875, "cam1/1440x1080": 1387.68212890625, "cam1/1920x1080": 1600.929443359375, "cam2/160x90": 1350.999755859375, "cam2/160x100": 1357.10888671875, "cam2/160x120": 1250.747802734375, "cam2/240x180": 1250.67236328125, "cam2/320x180": 1396.37744140625, "cam2/320x200": 1392.319580078125, "cam2/320x240": 1250.69140625, "cam2/480x270": 1414.9794921875, "cam2/480x300": 1407.482666015625, "cam2/480x360": 1262.846435546875, "cam2/640x360": 1441.169677734375, "cam2/640x400": 1430.1005859375, "cam2/640x480": 1303.98828125, "cam2/800x450": 1451.04443359375, "cam2/800x500": 1442.881103515625, "cam2/800x600": 1305.51708984375, "cam2/1024x576": 1480.647216796875, "cam2/1024x640": 1487.327392578125, "cam2/1024x768": 1327.488525390625, "cam2/1280x720": 1487.853515625, "cam2/1280x800": 1514.161376953125, "cam2/1280x960": 1401.3330078125, "cam2/1440x900": 1572.005615234375, "cam2/1440x1080": 1444.3779296875, "cam2/1920x1080": 1630.614501953125, "cam3/160x90": 1324.83544921875, "cam3/160x120": 1200.79443359375, "cam3/176x144": 1084.92138671875, "cam3/240x180": 1217.47607421875, "cam3/320x180": 1374.87353515625, "cam3/320x240": 1236.512939453125, "cam3/480x270": 1396.185546875, "cam3/480x360": 1253.527587890625, "cam3/640x360": 1398.92724609375, "cam3/640x480": 1258.02001953125, "cam3/800x450": 1413.324951171875, "cam3/800x600": 1237.74609375, "cam3/1024x640": 1425.00927734375, "cam3/1024x768": 1292.09375, "cam3/1280x720": 1429.145751953125, "cam3/1280x800": 1427.418212890625, "cam3/1280x960": 1286.662353515625, "cam4/streamid_1/quality_1": 1356.2216796875, "cam4/streamid_1/quality_2": 1398.813720703125, "cam4/streamid_1/quality_3": 1409.912841796875, "cam4/streamid_1/quality_4": 1404.849853515625, "cam4/streamid_1/quality_5": 1407.1376953125, "cam4/streamid_0/quality_1": 1532.171142578125, "cam4/streamid_0/quality_2": 1560.41015625, "cam4/streamid_0/quality_3": 1569.64990234375, "cam4/streamid_0/quality_4": 1581.177490234375, "cam4/streamid_0/quality_5": 1574.6513671875}