{"cam1/160x90": 1385.32373046875, "cam1/160x100": 1357.473876953125, "cam1/160x120": 1210.8798828125, "cam1/240x180": 1249.5791015625, "cam1/320x180": 1403.0966796875, "cam1/320x200": 1421.38134765625, "cam1/320x240": 1255.5302734375, "cam1/480x270": 1421.7001953125, "cam1/480x300": 1407.150634765625, "cam1/480x360": 1276.745849609375, "cam1/640x360": 1425.23291015625, "cam1/640x400": 1437.431640625, "cam1/640x480": 1295.859375, "cam1/800x450": 1454.58056640625, "cam1/800x500": 1440.035888671875, "cam1/800x600": 1297.5078125, "cam1/1024x576": 1452.361572265625, "cam1/1024x640": 1457.56494140625, "cam1/1024x768": 1352.228759765625, "cam1/1280x720": 1501.257568359375, "cam1/1280x800": 1494.541259765625, "cam1/1280x960": 1380.008056640625, "cam1/1440x900": 1513.8466796875, "cam1/1440x1080": 1406.805908203125, "cam1/1920x1080": 1609.35009765625, "cam2/160x90": 1360.820556640625, "cam2/160x100": 1357.404541015625, "cam2/160x120": 1233.902587890625, "cam2/240x180": 1252.9287109375, "cam2/320x180": 1404.7021484375, "cam2/320x200": 1379.845703125, "cam2/320x240": 1241.116455078125, "cam2/480x270": 1427.281494140625, "cam2/480x300": 1404.797607421875, "cam2/480x360": 1273.753662109375, "cam2/640x360": 1427.31982421875, "cam2/640x400": 1425.14013671875, "cam2/640x480": 1287.577880859375, "cam2/800x450": 1449.388671875, "cam2/800x500": 1442.93798828125, "cam2/800x600": 1302.052978515625, "cam2/1024x576": 1459.843994140625, "cam2/1024x640": 1494.87158203125, "cam2/1024x768": 1342.20947265625, "cam2/1280x720": 1481.911865234375, "cam2/1280x800": 1519.093994140625, "cam2/1280x960": 1399.88720703125, "cam2/1440x900": 1552.691650390625, "cam2/1440x1080": 1426.60986328125, "cam2/1920x1080": 1637.5625, "cam3/160x90": 1333.80712890625, "cam3/160x120": 1190.743408203125, "cam3/176x144": 1077.862548828125, "cam3/240x180": 1220.462158203125, "cam3/320x180": 1370.9912109375, "cam3/320x240": 1237.4619140625, "cam3/480x270": 1410.990478515625, "cam3/480x360": 1231.135986328125, "cam3/640x360": 1395.126953125, "cam3/640x480": 1261.818603515625, "cam3/800x450": 1416.8857421875, "cam3/800x600": 1232.361328125, "cam3/1024x640": 1410.27587890625, "cam3/1024x768": 1291.76416015625, "cam3/1280x720": 1454.890869140625, "cam3/1280x800": 1429.102294921875, "cam3/1280x960": 1280.04248046875, "cam4/streamid_1/quality_1": 1355.975341796875, "cam4/streamid_1/quality_2": 1395.07568359375, "cam4/streamid_1/quality_3": 1392.338134765625, "cam4/streamid_1/quality_4": 1401.73974609375, "cam4/streamid_1/quality_5": 1405.5517578125, "cam4/streamid_0/quality_1": 1508.887451171875, "cam4/streamid_0/quality_2": 1533.708251953125, "cam4/streamid_0/quality_3": 1571.834716796875, "cam4/streamid_0/quality_4": 1566.8251953125, "cam4/streamid_0/quality_5": 1576.4365234375}