{"cam1/160x90": 1383.081787109375, "cam1/160x100": 1372.117919921875, "cam1/160x120": 1218.572265625, "cam1/240x180": 1236.3330078125, "cam1/320x180": 1411.8603515625, "cam1/320x200": 1423.083740234375, "cam1/320x240": 1258.67529296875, "cam1/480x270": 1406.56787109375, "cam1/480x300": 1402.73974609375, "cam1/480x360": 1275.22119140625, "cam1/640x360": 1425.384765625, "cam1/640x400": 1434.8310546875, "cam1/640x480": 1298.837158203125, "cam1/800x450": 1450.1123046875, "cam1/800x500": 1447.42236328125, "cam1/800x600": 1295.087890625, "cam1/1024x576": 1455.99853515625, "cam1/1024x640": 1455.966796875, "cam1/1024x768": 1345.94580078125, "cam1/1280x720": 1484.386474609375, "cam1/1280x800": 1466.584228515625, "cam1/1280x960": 1372.797119140625, "cam1/1440x900": 1506.6591796875, "cam1/1440x1080": 1390.432373046875, "cam1/1920x1080": 1619.977294921875, "cam2/160x90": 1360.69921875, "cam2/160x100": 1364.8681640625, "cam2/160x120": 1237.839111328125, "cam2/240x180": 1260.554443359375, "cam2/320x180": 1401.748291015625, "cam2/320x200": 1379.1240234375, "cam2/320x240": 1251.462158203125, "cam2/480x270": 1401.475830078125, "cam2/480x300": 1407.3115234375, "cam2/480x360": 1264.596923828125, "cam2/640x360": 1428.427001953125, "cam2/640x400": 1422.031494140625, "cam2/640x480": 1294.541259765625, "cam2/800x450": 1462.53515625, "cam2/800x500": 1450.5126953125, "cam2/800x600": 1304.27099609375, "cam2/1024x576": 1476.464599609375, "cam2/1024x640": 1493.107666015625, "cam2/1024x768": 1331.323974609375, "cam2/1280x720": 1493.15869140625, "cam2/1280x800": 1515.03369140625, "cam2/1280x960": 1416.12939453125, "cam2/1440x900": 1535.312744140625, "cam2/1440x1080": 1423.993408203125, "cam2/1920x1080": 1614.074462890625, "cam3/160x90": 1350.082763671875, "cam3/160x120": 1195.949951171875, "cam3/176x144": 1070.22314453125, "cam3/240x180": 1215.03955078125, "cam3/320x180": 1375.5078125, "cam3/320x240": 1229.213134765625, "cam3/480x270": 1386.919677734375, "cam3/480x360": 1242.523193359375, "cam3/640x360": 1414.145263671875, "cam3/640x480": 1266.839111328125, "cam3/800x450": 1404.863525390625, "cam3/800x600": 1224.026123046875, "cam3/1024x640": 1421.78076171875, "cam3/1024x768": 1285.52001953125, "cam3/1280x720": 1444.508056640625, "cam3/1280x800": 1421.944091796875, "cam3/1280x960": 1274.817626953125, "cam4/streamid_1/quality_1": 1358.728515625, "cam4/streamid_1/quality_2": 1392.91650390625, "cam4/streamid_1/quality_3": 1406.084716796875, "cam4/streamid_1/quality_4": 1397.33740234375, "cam4/streamid_1/quality_5": 1409.421630859375, "cam4/streamid_0/quality_1": 1523.57861328125, "cam4/streamid_0/quality_2": 1565.567138671875, "cam4/streamid_0/quality_3": 1572.151123046875, "cam4/streamid_0/quality_4": 1579.15380859375, "cam4/streamid_0/quality_5": 1567.309814453125}