{"cam1/160x90": 1371.14794921875, "cam1/160x100": 1371.3427734375, "cam1/160x120": 1212.28662109375, "cam1/240x180": 1245.090576171875, "cam1/320x180": 1410.52587890625, "cam1/320x200": 1428.102783203125, "cam1/320x240": 1254.379638671875, "cam1/480x270": 1416.1201171875, "cam1/480x300": 1413.94873046875, "cam1/480x360": 1279.23095703125, "cam1/640x360": 1425.13623046875, "cam1/640x400": 1437.2109375, "cam1/640x480": 1288.42529296875, "cam1/800x450": 1450.849853515625, "cam1/800x500": 1422.036865234375, "cam1/800x600": 1320.2216796875, "cam1/1024x576": 1449.039794921875, "cam1/1024x640": 1435.8515625, "cam1/1024x768": 1326.180908203125, "cam1/1280x720": 1498.010986328125, "cam1/1280x800": 1472.844482421875, "cam1/1280x960": 1369.414794921875, "cam1/1440x900": 1492.06982421875, "cam1/1440x1080": 1393.317626953125, "cam1/1920x1080": 1602.091064453125, "cam2/160x90": 1370.0185546875, "cam2/160x100": 1357.843994140625, "cam2/160x120": 1218.637939453125, "cam2/240x180": 1252.189453125, "cam2/320x180": 1398.856201171875, "cam2/320x200": 1397.9384765625, "cam2/320x240": 1253.796875, "cam2/480x270": 1409.92626953125, "cam2/480x300": 1413.728515625, "cam2/480x360": 1254.478515625, "cam2/640x360": 1431.527099609375, "cam2/640x400": 1433.39990234375, "cam2/640x480": 1292.744873046875, "cam2/800x450": 1452.442626953125, "cam2/800x500": 1449.578857421875, "cam2/800x600": 1301.342041015625, "cam2/1024x576": 1480.3076171875, "cam2/1024x640": 1491.3916015625, "cam2/1024x768": 1337.975341796875, "cam2/1280x720": 1482.837890625, "cam2/1280x800": 1517.57177734375, "cam2/1280x960": 1388.33154296875, "cam2/1440x900": 1549.175537109375, "cam2/1440x1080": 1422.87158203125, "cam2/1920x1080": 1617.799560546875, "cam3/160x90": 1342.08447265625, "cam3/160x120": 1198.51708984375, "cam3/176x144": 1074.072509765625, "cam3/240x180": 1219.896728515625, "cam3/320x180": 1387.028076171875, "cam3/320x240": 1229.140625, "cam3/480x270": 1383.400390625, "cam3/480x360": 1234.10986328125, "cam3/640x360": 1415.451171875, "cam3/640x480": 1267.0341796875, "cam3/800x450": 1412.141357421875, "cam3/800x600": 1226.521728515625, "cam3/1024x640": 1416.432373046875, "cam3/1024x768": 1285.219970703125, "cam3/1280x720": 1426.628662109375, "cam3/1280x800": 1437.05419921875, "cam3/1280x960": 1274.755615234375, "cam4/streamid_1/quality_1": 1359.24658203125, "cam4/streamid_1/quality_2": 1398.5751953125, "cam4/streamid_1/quality_3": 1397.807373046875, "cam4/streamid_1/quality_4": 1406.360107421875, "cam4/streamid_1/quality_5": 1397.882568359375, "cam4/streamid_0/quality_1": 1539.398193359375, "cam4/streamid_0/quality_2": 1578.3125, "cam4/streamid_0/quality_3": 1610.09423828125, "cam4/streamid_0/quality_4": 1588.430908203125, "cam4/streamid_0/quality_5": 1584.512451171875}