{
  "/p3265_axis_20231009_223413/1280x800/8/": {
    "yolov5": {
      "mean": {
        "TP": 6.5,
        "FP": 1.0,
        "FN": 0.5,
        "accuracy": 0.8660714285714286,
        "recall": 0.9375
      },
      "median": {
        "TP": 6.5,
        "FP": 1.0,
        "FN": 0.5,
        "accuracy": 0.8660714285714286,
        "recall": 0.9375
      }
    },
    "ssd": {
      "mean": {
        "TP": 6.0,
        "FP": 14.0,
        "FN": 1.0,
        "accuracy": 0.3,
        "recall": 0.8541666666666667
      },
      "median": {
        "TP": 6.0,
        "FP": 14.0,
        "FN": 1.0,
        "accuracy": 0.3,
        "recall": 0.8541666666666667
      }
    },
    "retinanet": {
      "mean": {
        "TP": 2.0,
        "FP": 248.0,
        "FN": 5.0,
        "accuracy": 0.008062435500515996,
        "recall": 0.29166666666666663
      },
      "median": {
        "TP": 2.0,
        "FP": 248.0,
        "FN": 5.0,
        "accuracy": 0.008062435500515996,
        "recall": 0.29166666666666663
      }
    }
  },
  "/p3265_axis_20231009_223413/1024x640/8/": {
    "yolov5": {
      "mean": {
        "TP": 3.0,
        "FP": 6.0,
        "FN": 1.0,
        "accuracy": 0.3333333333333333,
        "recall": 0.75
      },
      "median": {
        "TP": 3.0,
        "FP": 6.0,
        "FN": 1.0,
        "accuracy": 0.3333333333333333,
        "recall": 0.75
      }
    },
    "ssd": {
      "mean": {
        "TP": 2.0,
        "FP": 18.0,
        "FN": 2.0,
        "accuracy": 0.1,
        "recall": 0.5
      },
      "median": {
        "TP": 2.0,
        "FP": 18.0,
        "FN": 2.0,
        "accuracy": 0.1,
        "recall": 0.5
      }
    },
    "retinanet": {
      "mean": {
        "TP": 1.0,
        "FP": 299.0,
        "FN": 3.0,
        "accuracy": 0.0033333333333333335,
        "recall": 0.25
      },
      "median": {
        "TP": 1.0,
        "FP": 299.0,
        "FN": 3.0,
        "accuracy": 0.0033333333333333335,
        "recall": 0.25
      }
    }
  },
  "/p3265_axis_20231009_223413/800x450/8/": {
    "yolov5": {
      "mean": {
        "TP": 6.0,
        "FP": 1.0,
        "FN": 1.0,
        "accuracy": 0.8571428571428571,
        "recall": 0.8571428571428571
      },
      "median": {
        "TP": 6.0,
        "FP": 1.0,
        "FN": 1.0,
        "accuracy": 0.8571428571428571,
        "recall": 0.8571428571428571
      }
    },
    "ssd": {
      "mean": {
        "TP": 5.0,
        "FP": 15.0,
        "FN": 2.0,
        "accuracy": 0.25,
        "recall": 0.7142857142857143
      },
      "median": {
        "TP": 5.0,
        "FP": 15.0,
        "FN": 2.0,
        "accuracy": 0.25,
        "recall": 0.7142857142857143
      }
    },
    "retinanet": {
      "mean": {
        "TP": 2.0,
        "FP": 298.0,
        "FN": 5.0,
        "accuracy": 0.006666666666666667,
        "recall": 0.2857142857142857
      },
      "median": {
        "TP": 2.0,
        "FP": 298.0,
        "FN": 5.0,
        "accuracy": 0.006666666666666667,
        "recall": 0.2857142857142857
      }
    }
  },
  "/p3364_axis_20231009_214248/1280x800/8/": {
    "yolov5": {
      "mean": {
        "TP": 2.0,
        "FP": 0.0,
        "FN": 3.0,
        "accuracy": 1.0,
        "recall": 0.4
      },
      "median": {
        "TP": 2.0,
        "FP": 0.0,
        "FN": 3.0,
        "accuracy": 1.0,
        "recall": 0.4
      }
    },
    "ssd": {
      "mean": {
        "TP": 4.0,
        "FP": 15.0,
        "FN": 1.0,
        "accuracy": 0.21052631578947367,
        "recall": 0.8
      },
      "median": {
        "TP": 4.0,
        "FP": 15.0,
        "FN": 1.0,
        "accuracy": 0.21052631578947367,
        "recall": 0.8
      }
    },
    "retinanet": {
      "mean": {
        "TP": 0.0,
        "FP": 96.0,
        "FN": 5.0,
        "accuracy": 0.0,
        "recall": 0.0
      },
      "median": {
        "TP": 0.0,
        "FP": 96.0,
        "FN": 5.0,
        "accuracy": 0.0,
        "recall": 0.0
      }
    }
  },
  "/p3364_axis_20231009_214248/160x90/64/": {
    "yolov5": {
      "mean": {
        "TP": 0.0,
        "FP": 0.0,
        "FN": 2.0,
        "accuracy": 0.0,
        "recall": 0.0
      },
      "median": {
        "TP": 0.0,
        "FP": 0.0,
        "FN": 2.0,
        "accuracy": 0.0,
        "recall": 0.0
      }
    },
    "ssd": {
      "mean": {
        "TP": 0.0,
        "FP": 12.0,
        "FN": 2.0,
        "accuracy": 0.0,
        "recall": 0.0
      },
      "median": {
        "TP": 0.0,
        "FP": 12.0,
        "FN": 2.0,
        "accuracy": 0.0,
        "recall": 0.0
      }
    },
    "retinanet": {
      "mean": {
        "TP": 1.0,
        "FP": 88.0,
        "FN": 1.0,
        "accuracy": 0.011235955056179775,
        "recall": 0.5
      },
      "median": {
        "TP": 1.0,
        "FP": 88.0,
        "FN": 1.0,
        "accuracy": 0.011235955056179775,
        "recall": 0.5
      }
    }
  },
  "/vivotek_20231009_201139/streamid_0/quality_3/64/": {
    "yolov5": {
      "mean": {
        "TP": 2.0,
        "FP": 4.0,
        "FN": 0.0,
        "accuracy": 0.3333333333333333,
        "recall": 1.0
      },
      "median": {
        "TP": 2.0,
        "FP": 4.0,
        "FN": 0.0,
        "accuracy": 0.3333333333333333,
        "recall": 1.0
      }
    },
    "ssd": {
      "mean": {
        "TP": 2.0,
        "FP": 18.0,
        "FN": 0.0,
        "accuracy": 0.1,
        "recall": 1.0
      },
      "median": {
        "TP": 2.0,
        "FP": 18.0,
        "FN": 0.0,
        "accuracy": 0.1,
        "recall": 1.0
      }
    },
    "retinanet": {
      "mean": {
        "TP": 2.0,
        "FP": 180.0,
        "FN": 0.0,
        "accuracy": 0.01098901098901099,
        "recall": 1.0
      },
      "median": {
        "TP": 2.0,
        "FP": 180.0,
        "FN": 0.0,
        "accuracy": 0.01098901098901099,
        "recall": 1.0
      }
    }
  },
  "/vivotek_20231009_201139/streamid_1/quality_3/16/": {
    "yolov5": {
      "mean": {
        "TP": 0.0,
        "FP": 3.0,
        "FN": 2.0,
        "accuracy": 0.0,
        "recall": 0.0
      },
      "median": {
        "TP": 0.0,
        "FP": 3.0,
        "FN": 2.0,
        "accuracy": 0.0,
        "recall": 0.0
      }
    },
    "ssd": {
      "mean": {
        "TP": 1.0,
        "FP": 19.0,
        "FN": 1.0,
        "accuracy": 0.05,
        "recall": 0.5
      },
      "median": {
        "TP": 1.0,
        "FP": 19.0,
        "FN": 1.0,
        "accuracy": 0.05,
        "recall": 0.5
      }
    },
    "retinanet": {
      "mean": {
        "TP": 0.0,
        "FP": 160.0,
        "FN": 2.0,
        "accuracy": 0.0,
        "recall": 0.0
      },
      "median": {
        "TP": 0.0,
        "FP": 160.0,
        "FN": 2.0,
        "accuracy": 0.0,
        "recall": 0.0
      }
    }
  },
  "/p3245_axis_20231010_020941/800x450/8/": {
    "yolov5": {
      "mean": {
        "TP": 5.0,
        "FP": 0.0,
        "FN": 1.0,
        "accuracy": 1.0,
        "recall": 0.8333333333333334
      },
      "median": {
        "TP": 5.0,
        "FP": 0.0,
        "FN": 1.0,
        "accuracy": 1.0,
        "recall": 0.8333333333333334
      }
    },
    "ssd": {
      "mean": {
        "TP": 4.0,
        "FP": 16.0,
        "FN": 2.0,
        "accuracy": 0.2,
        "recall": 0.6666666666666666
      },
      "median": {
        "TP": 4.0,
        "FP": 16.0,
        "FN": 2.0,
        "accuracy": 0.2,
        "recall": 0.6666666666666666
      }
    },
    "retinanet": {
      "mean": {
        "TP": 1.0,
        "FP": 176.0,
        "FN": 5.0,
        "accuracy": 0.005649717514124294,
        "recall": 0.16666666666666666
      },
      "median": {
        "TP": 1.0,
        "FP": 176.0,
        "FN": 5.0,
        "accuracy": 0.005649717514124294,
        "recall": 0.16666666666666666
      }
    }
  },
  "/p3245_axis_20231010_020941/800x450/64/": {
    "yolov5": {
      "mean": {
        "TP": 4.0,
        "FP": 2.0,
        "FN": 1.0,