{"cam1/160x90": 5143.379638671875, "cam1/160x100": 1352.1123046875, "cam1/160x120": 1230.652099609375, "cam1/240x180": 1260.501220703125, "cam1/320x180": 1405.420654296875, "cam1/320x200": 1412.748291015625, "cam1/320x240": 1259.37939453125, "cam1/480x270": 1436.280029296875, "cam1/480x300": 1414.637939453125, "cam1/480x360": 1279.046875, "cam1/640x360": 1431.307861328125, "cam1/640x400": 1440.710693359375, "cam1/640x480": 1302.927734375, "cam1/800x450": 1456.19287109375, "cam1/800x500": 1434.24951171875, "cam1/800x600": 1317.7255859375, "cam1/1024x576": 1464.88525390625, "cam1/1024x640": 1452.079833984375, "cam1/1024x768": 1338.665771484375, "cam1/1280x720": 1483.907470703125, "cam1/1280x800": 1471.14404296875, "cam1/1280x960": 1372.18798828125, "cam1/1440x900": 1499.313232421875, "cam1/1440x1080": 1384.233154296875, "cam1/1920x1080": 1598.24853515625, "cam2/160x90": 1360.272216796875, "cam2/160x100": 1354.9375, "cam2/160x120": 1231.39990234375, "cam2/240x180": 1241.886474609375, "cam2/320x180": 1394.750732421875, "cam2/320x200": 1387.985595703125, "cam2/320x240": 1261.33935546875, "cam2/480x270": 1422.87060546875, "cam2/480x300": 1404.943603515625, "cam2/480x360": 1266.400390625, "cam2/640x360": 1438.733642578125, "cam2/640x400": 1431.81591796875, "cam2/640x480": 1308.767822265625, "cam2/800x450": 1445.503662109375, "cam2/800x500": 1444.011474609375, "cam2/800x600": 1310.68798828125, "cam2/1024x576": 1481.667724609375, "cam2/1024x640": 1487.355712890625, "cam2/1024x768": 1342.24951171875, "cam2/1280x720": 1488.47509765625, "cam2/1280x800": 1525.465087890625, "cam2/1280x960": 1394.403076171875, "cam2/1440x900": 1567.721923828125, "cam2/1440x1080": 1453.56640625, "cam2/1920x1080": 1640.312744140625, "cam3/160x90": 1335.7314453125, "cam3/160x120": 1191.761474609375, "cam3/176x144": 1091.03564453125, "cam3/240x180": 1232.876953125, "cam3/320x180": 1373.9931640625, "cam3/320x240": 1230.068603515625, "cam3/480x270": 1399.0263671875, "cam3/480x360": 1246.562255859375, "cam3/640x360": 1399.242919921875, "cam3/640x480": 1253.5126953125, "cam3/800x450": 1423.30078125, "cam3/800x600": 1241.023681640625, "cam3/1024x640": 1431.946044921875, "cam3/1024x768": 1292.729736328125, "cam3/1280x720": 1434.2001953125, "cam3/1280x800": 1429.91015625, "cam3/1280x960": 1275.14013671875, "cam4/streamid_1/quality_1": 1359.25244140625, "cam4/streamid_1/quality_2": 1411.176513671875, "cam4/streamid_1/quality_3": 1405.313232421875, "cam4/streamid_1/quality_4": 1404.083740234375, "cam4/streamid_1/quality_5": 1403.26708984375, "cam4/streamid_0/quality_1": 1529.606689453125, "cam4/streamid_0/quality_2": 1554.14306640625, "cam4/streamid_0/quality_3": 1567.3271484375, "cam4/streamid_0/quality_4": 1573.06689453125, "cam4/streamid_0/quality_5": 1566.900146484375}