{"cam1/160x90": 1388.982177734375, "cam1/160x100": 1352.51025390625, "cam1/160x120": 1228.306640625, "cam1/240x180": 1250.100830078125, "cam1/320x180": 1397.308837890625, "cam1/320x200": 1411.010009765625, "cam1/320x240": 1254.472412109375, "cam1/480x270": 1422.3427734375, "cam1/480x300": 1413.2333984375, "cam1/480x360": 1275.511962890625, "cam1/640x360": 1420.45556640625, "cam1/640x400": 1432.724609375, "cam1/640x480": 1299.57470703125, "cam1/800x450": 1451.6259765625, "cam1/800x500": 1449.26025390625, "cam1/800x600": 1309.6708984375, "cam1/1024x576": 1464.291015625, "cam1/1024x640": 1460.122802734375, "cam1/1024x768": 1344.50537109375, "cam1/1280x720": 1488.569091796875, "cam1/1280x800": 1469.5859375, "cam1/1280x960": 1377.542236328125, "cam1/1440x900": 1493.65185546875, "cam1/1440x1080": 1386.383544921875, "cam1/1920x1080": 1623.76953125, "cam2/160x90": 1369.645751953125, "cam2/160x100": 1353.416259765625, "cam2/160x120": 1241.5205078125, "cam2/240x180": 1246.298095703125, "cam2/320x180": 1411.430908203125, "cam2/320x200": 1383.3955078125, "cam2/320x240": 1250.571044921875, "cam2/480x270": 1418.332275390625, "cam2/480x300": 1395.00341796875, "cam2/480x360": 1272.062255859375, "cam2/640x360": 1435.564453125, "cam2/640x400": 1423.427734375, "cam2/640x480": 1303.9775390625, "cam2/800x450": 1455.27783203125, "cam2/800x500": 1455.321533203125, "cam2/800x600": 1311.668701171875, "cam2/1024x576": 1469.478515625, "cam2/1024x640": 1497.826416015625, "cam2/1024x768": 1339.994140625, "cam2/1280x720": 1484.427490234375, "cam2/1280x800": 1524.897705078125, "cam2/1280x960": 1388.291015625, "cam2/1440x900": 1562.986572265625, "cam2/1440x1080": 1438.341552734375, "cam2/1920x1080": 1621.199462890625, "cam3/160x90": 1325.75732421875, "cam3/160x120": 1203.6806640625, "cam3/176x144": 1083.4716796875, "cam3/240x180": 1232.073974609375, "cam3/320x180": 1374.32275390625, "cam3/320x240": 1236.9287109375, "cam3/480x270": 1388.962890625, "cam3/480x360": 1241.665283203125, "cam3/640x360": 1400.473388671875, "cam3/640x480": 1264.778076171875, "cam3/800x450": 1419.73046875, "cam3/800x600": 1233.5224609375, "cam3/1024x640": 1425.34716796875, "cam3/1024x768": 1299.3466796875, "cam3/1280x720": 1448.060791015625, "cam3/1280x800": 1430.346923828125, "cam3/1280x960": 1276.133544921875, "cam4/streamid_1/quality_1": 1372.894775390625, "cam4/streamid_1/quality_2": 1409.783935546875, "cam4/streamid_1/quality_3": 1397.064697265625, "cam4/streamid_1/quality_4": 1413.89013671875, "cam4/streamid_1/quality_5": 1408.95849609375, "cam4/streamid_0/quality_1": 1542.734619140625, "cam4/streamid_0/quality_2": 1556.083740234375, "cam4/streamid_0/quality_3": 1562.0869140625, "cam4/streamid_0/quality_4": 1567.826904296875, "cam4/streamid_0/quality_5": 1570.129638671875}