{"cam1/160x90": 1374.91015625, "cam1/160x100": 1361.504638671875, "cam1/160x120": 1227.5791015625, "cam1/240x180": 1236.892333984375, "cam1/320x180": 1413.724853515625, "cam1/320x200": 1410.885498046875, "cam1/320x240": 1263.4443359375, "cam1/480x270": 1409.53662109375, "cam1/480x300": 1398.97119140625, "cam1/480x360": 1282.904541015625, "cam1/640x360": 1423.545654296875, "cam1/640x400": 1451.0771484375, "cam1/640x480": 1305.688232421875, "cam1/800x450": 1457.84375, "cam1/800x500": 1436.008544921875, "cam1/800x600": 1311.072509765625, "cam1/1024x576": 1462.66162109375, "cam1/1024x640": 1450.11865234375, "cam1/1024x768": 1337.93359375, "cam1/1280x720": 1484.14892578125, "cam1/1280x800": 1473.615234375, "cam1/1280x960": 1365.085205078125, "cam1/1440x900": 1504.112060546875, "cam1/1440x1080": 1391.70703125, "cam1/1920x1080": 1603.6767578125, "cam2/160x90": 1358.60986328125, "cam2/160x100": 1362.265869140625, "cam2/160x120": 1247.423828125, "cam2/240x180": 1256.30126953125, "cam2/320x180": 1405.3447265625, "cam2/320x200": 1393.965576171875, "cam2/320x240": 1257.935302734375, "cam2/480x270": 1410.853271484375, "cam2/480x300": 1404.7587890625, "cam2/480x360": 1278.169921875, "cam2/640x360": 1434.580078125, "cam2/640x400": 1424.70166015625, "cam2/640x480": 1287.804931640625, "cam2/800x450": 1462.271240234375, "cam2/800x500": 1447.75927734375, "cam2/800x600": 1315.798095703125, "cam2/1024x576": 1479.2646484375, "cam2/1024x640": 1500.088134765625, "cam2/1024x768": 1338.60693359375, "cam2/1280x720": 1491.454345703125, "cam2/1280x800": 1520.427001953125, "cam2/1280x960": 1403.031005859375, "cam2/1440x900": 1545.990234375, "cam2/1440x1080": 1440.250244140625, "cam2/1920x1080": 1631.370361328125, "cam3/160x90": 1337.367919921875, "cam3/160x120": 1201.522216796875, "cam3/176x144": 1074.763671875, "cam3/240x180": 1216.21484375, "cam3/320x180": 1370.069091796875, "cam3/320x240": 1241.049560546875, "cam3/480x270": 1391.4208984375, "cam3/480x360": 1241.37109375, "cam3/640x360": 1408.881103515625, "cam3/640x480": 1258.08984375, "cam3/800x450": 1412.3798828125, "cam3/800x600": 1224.938232421875, "cam3/1024x640": 1407.67724609375, "cam3/1024x768": 1293.64794921875, "cam3/1280x720": 1443.8896484375, "cam3/1280x800": 1441.24267578125, "cam3/1280x960": 1264.74658203125, "cam4/streamid_1/quality_1": 1357.926025390625, "cam4/streamid_1/quality_2": 1403.898681640625, "cam4/streamid_1/quality_3": 1397.6767578125, "cam4/streamid_1/quality_4": 1405.040283203125, "cam4/streamid_1/quality_5": 1399.739990234375, "cam4/streamid_0/quality_1": 1534.350830078125, "cam4/streamid_0/quality_2": 1579.95947265625, "cam4/streamid_0/quality_3": 1576.406494140625, "cam4/streamid_0/quality_4": 1578.291259765625, "cam4/streamid_0/quality_5": 1570.35302734375}