{"cam1/160x90": 1379.439697265625, "cam1/160x100": 1365.900634765625, "cam1/160x120": 1211.569091796875, "cam1/240x180": 1247.17333984375, "cam1/320x180": 1416.1484375, "cam1/320x200": 1420.541015625, "cam1/320x240": 1264.902099609375, "cam1/480x270": 1413.676025390625, "cam1/480x300": 1411.00732421875, "cam1/480x360": 1285.716552734375, "cam1/640x360": 1437.400390625, "cam1/640x400": 1440.4423828125, "cam1/640x480": 1281.9453125, "cam1/800x450": 1436.92041015625, "cam1/800x500": 1435.6025390625, "cam1/800x600": 1306.168212890625, "cam1/1024x576": 1452.53955078125, "cam1/1024x640": 1446.811279296875, "cam1/1024x768": 1345.28466796875, "cam1/1280x720": 1504.746826171875, "cam1/1280x800": 1482.4326171875, "cam1/1280x960": 1372.6884765625, "cam1/1440x900": 1507.143798828125, "cam1/1440x1080": 1385.682373046875, "cam1/1920x1080": 1595.799560546875, "cam2/160x90": 1369.732177734375, "cam2/160x100": 1359.040771484375, "cam2/160x120": 1239.965087890625, "cam2/240x180": 1234.614013671875, "cam2/320x180": 1421.311279296875, "cam2/320x200": 1382.69677734375, "cam2/320x240": 1237.935791015625, "cam2/480x270": 1402.8828125, "cam2/480x300": 1403.349609375, "cam2/480x360": 1267.345947265625, "cam2/640x360": 1426.525146484375, "cam2/640x400": 1440.254638671875, "cam2/640x480": 1303.606201171875, "cam2/800x450": 1449.451171875, "cam2/800x500": 1461.20556640625, "cam2/800x600": 1301.463623046875, "cam2/1024x576": 1473.106689453125, "cam2/1024x640": 1485.953857421875, "cam2/1024x768": 1342.320556640625, "cam2/1280x720": 1464.4189453125, "cam2/1280x800": 1533.712646484375, "cam2/1280x960": 1400.167236328125, "cam2/1440x900": 1556.99072265625, "cam2/1440x1080": 1443.28564453125, "cam2/1920x1080": 1615.509521484375, "cam3/160x90": 1338.97412109375, "cam3/160x120": 1207.00146484375, "cam3/176x144": 1089.35205078125, "cam3/240x180": 1233.59521484375, "cam3/320x180": 1381.7734375, "cam3/320x240": 1217.264892578125, "cam3/480x270": 1390.734130859375, "cam3/480x360": 1230.148193359375, "cam3/640x360": 1411.5361328125, "cam3/640x480": 1254.18603515625, "cam3/800x450": 1406.474853515625, "cam3/800x600": 1234.70458984375, "cam3/1024x640": 1425.512451171875, "cam3/1024x768": 1291.265869140625, "cam3/1280x720": 1444.808349609375, "cam3/1280x800": 1437.075927734375, "cam3/1280x960": 1273.68505859375, "cam4/streamid_1/quality_1": 1366.272216796875, "cam4/streamid_1/quality_2": 1414.429931640625, "cam4/streamid_1/quality_3": 1400.665283203125, "cam4/streamid_1/quality_4": 1396.184326171875, "cam4/streamid_1/quality_5": 1403.466064453125, "cam4/streamid_0/quality_1": 1507.069091796875, "cam4/streamid_0/quality_2": 1537.978759765625, "cam4/streamid_0/quality_3": 1570.487548828125, "cam4/streamid_0/quality_4": 1553.52392578125, "cam4/streamid_0/quality_5": 1573.97412109375}